Unnamed: 0,Manufacturer,Category,GPU,OS,CPU_core,CPU_frequency,RAM_GB,Storage_GB_SSD,Price,screen_size_inches,Weight_lb,Price_binned,Unnamed: 0,Manufacturer,Category,GPU,OS,CPU_core,CPU_frequency,RAM_GB,Storage_GB_SSD,Price,screen_size_inches,Weight_lb,Price_binned,Screen_Full HD,Screen_IPS Panel
0,Acer,4,2,1,5,0.5517241379310345,8,256,978,14.0,3.53,Low,0,Acer,4,2,1,5,0.5517241379310345,8,256,978,14.0,3.53,Low,False,True
1,Dell,3,1,1,3,0.6896551724137931,4,256,634,15.6,4.85,Low,1,Dell,3,1,1,3,0.6896551724137931,4,256,634,15.6,4.85,Low,True,False
2,Dell,3,1,1,7,0.9310344827586208,8,256,946,15.6,4.85,Low,2,Dell,3,1,1,7,0.9310344827586208,8,256,946,15.6,4.85,Low,True,False
3,Dell,4,2,1,5,0.5517241379310345,8,128,1244,13.3,2.69,Low,3,Dell,4,2,1,5,0.5517241379310345,8,128,1244,13.3,2.69,Low,False,True
4,HP,4,2,1,7,0.6206896551724138,8,256,837,15.6,4.21,Low,4,HP,4,2,1,7,0.6206896551724138,8,256,837,15.6,4.21,Low,True,False
5,Dell,3,1,1,5,0.5517241379310345,8,256,1016,15.6,4.85,Low,5,Dell,3,1,1,5,0.5517241379310345,8,256,1016,15.6,4.85,Low,True,False
6,HP,3,3,1,5,0.5517241379310345,8,256,1117,15.6,4.63,Low,6,HP,3,3,1,5,0.5517241379310345,8,256,1117,15.6,4.63,Low,True,False
7,Acer,3,2,1,5,0.5517241379310345,4,256,866,15.0,4.85,Low,7,Acer,3,2,1,5,0.5517241379310345,4,256,866,15.0,4.85,Low,False,True
8,Dell,3,1,1,5,0.8620689655172414,4,256,812,15.6,5.07,Low,8,Dell,3,1,1,5,0.8620689655172414,4,256,812,15.6,5.07,Low,True,False
9,Acer,3,3,1,7,0.6206896551724138,8,256,1068,15.0,4.85,Low,9,Acer,3,3,1,7,0.6206896551724138,8,256,1068,15.0,4.85,Low,False,True
10,Dell,3,1,1,7,0.6206896551724138,8,256,975,15.6,4.7,Low,10,Dell,3,1,1,7,0.6206896551724138,8,256,975,15.6,4.7,Low,True,False
11,HP,3,2,1,3,0.6896551724137931,4,128,558,15.6,4.21,Low,11,HP,3,2,1,3,0.6896551724137931,4,128,558,15.6,4.21,Low,True,False
12,Asus,3,2,2,3,0.6896551724137931,4,256,527,15.6,4.41,Low,12,Asus,3,2,2,3,0.6896551724137931,4,256,527,15.6,4.41,Low,True,False
13,Dell,4,2,1,5,0.5517241379310345,8,256,1117,14.0,3.75,Low,13,Dell,4,2,1,5,0.5517241379310345,8,256,1117,14.0,3.75,Low,True,False
14,Asus,3,2,1,5,0.5517241379310345,8,256,1195,14.0,3.09,Low,14,Asus,3,2,1,5,0.5517241379310345,8,256,1195,14.0,3.09,Low,True,False
15,HP,3,2,1,5,0.8620689655172414,8,256,876,15.6,4.1,Low,15,HP,3,2,1,5,0.8620689655172414,8,256,876,15.6,4.1,Low,True,False
16,Dell,4,1,1,7,0.6206896551724138,8,256,1213,13.0,3.09,Low,16,Dell,4,1,1,7,0.6206896551724138,8,256,1213,13.0,3.09,Low,False,True
17,Dell,3,1,1,7,0.6206896551724138,8,256,1105,15.6,4.85,Low,17,Dell,3,1,1,7,0.6206896551724138,8,256,1105,15.6,4.85,Low,True,False
18,Dell,4,2,1,5,0.5517241379310345,8,256,1392,15.0,4.15,Low,18,Dell,4,2,1,5,0.5517241379310345,8,256,1392,15.0,4.15,Low,False,True
19,HP,3,2,1,5,0.5517241379310345,8,256,1092,14.0,3.59,Low,19,HP,3,2,1,5,0.5517241379310345,8,256,1092,14.0,3.59,Low,True,False
20,HP,4,3,1,7,0.6206896551724138,8,256,888,15.0,4.04,Low,20,HP,4,3,1,7,0.6206896551724138,8,256,888,15.0,4.04,Low,False,True
21,HP,3,2,1,5,0.8620689655172414,8,256,761,15.6,4.32,Low,21,HP,3,2,1,5,0.8620689655172414,8,256,761,15.6,4.32,Low,True,False
22,Dell,4,2,1,7,0.6206896551724138,8,256,2095,13.0,2.67,Medium,22,Dell,4,2,1,7,0.6206896551724138,8,256,2095,13.0,2.67,Medium,False,True
23,Dell,1,3,1,5,0.8620689655172414,8,256,1518,15.6,5.84,Low,23,Dell,1,3,1,5,0.8620689655172414,8,256,1518,15.6,5.84,Low,True,False
24,Asus,4,2,1,7,0.9310344827586208,8,256,1333,14.0,2.76,Low,24,Asus,4,2,1,7,0.9310344827586208,8,256,1333,14.0,2.76,Low,True,False
25,Dell,3,1,2,3,0.6896551724137931,4,256,616,15.6,4.85,Low,25,Dell,3,1,2,3,0.6896551724137931,4,256,616,15.6,4.85,Low,True,False
26,Asus,3,3,1,3,0.8275862068965517,6,256,733,15.6,4.41,Low,26,Asus,3,3,1,3,0.8275862068965517,6,256,733,15.6,4.41,Low,True,False
27,HP,3,1,1,7,0.9310344827586208,8,256,913,15.6,4.21,Low,27,HP,3,1,1,7,0.9310344827586208,8,256,913,15.6,4.21,Low,True,False
28,HP,4,3,1,7,0.9310344827586208,8,256,1421,13.0,3.04,Low,28,HP,4,3,1,7,0.9310344827586208,8,256,1421,13.0,3.04,Low,False,True
29,HP,3,3,1,5,0.8620689655172414,6,256,837,14.0,4.11,Low,29,HP,3,3,1,5,0.8620689655172414,6,256,837,14.0,4.11,Low,False,True
30,Asus,4,3,1,7,0.9310344827586208,8,256,1515,14.0,2.87,Low,30,Asus,4,3,1,7,0.9310344827586208,8,256,1515,14.0,2.87,Low,False,True
31,Lenovo,3,2,1,7,0.9310344827586208,8,256,1880,14.0,3.48,Medium,31,Lenovo,3,2,1,7,0.9310344827586208,8,256,1880,14.0,3.48,Medium,False,True
32,Dell,4,2,1,5,0.5517241379310345,8,256,2069,13.0,2.67,Medium,32,Dell,4,2,1,5,0.5517241379310345,8,256,2069,13.0,2.67,Medium,False,True
33,Asus,3,3,1,7,0.6206896551724138,8,256,1420,15.6,3.75,Low,33,Asus,3,3,1,7,0.6206896551724138,8,256,1420,15.6,3.75,Low,True,False
34,HP,3,2,1,5,0.5517241379310345,8,256,1179,17.3,5.51,Low,34,HP,3,2,1,5,0.5517241379310345,8,256,1179,17.3,5.51,Low,True,False
35,Acer,4,2,1,7,0.6206896551724138,8,256,1123,14.0,3.53,Low,35,Acer,4,2,1,7,0.6206896551724138,8,256,1123,14.0,3.53,Low,False,True
36,Acer,3,3,1,3,0.9310344827586208,4,256,727,15.6,4.85,Low,36,Acer,3,3,1,3,0.9310344827586208,4,256,727,15.6,4.85,Low,True,False
37,HP,3,2,1,7,0.6206896551724138,8,256,1255,14.0,3.59,Low,37,HP,3,2,1,7,0.6206896551724138,8,256,1255,14.0,3.59,Low,True,False
38,HP,3,2,1,5,0.8620689655172414,4,256,888,13.0,4.11,Low,38,HP,3,2,1,5,0.8620689655172414,4,256,888,13.0,4.11,Low,False,True
39,Lenovo,3,1,1,5,0.5517241379310345,8,256,1418,14.0,3.86,Low,39,Lenovo,3,1,1,5,0.5517241379310345,8,256,1418,14.0,3.86,Low,False,True
40,Asus,4,2,1,7,0.6206896551724138,8,256,1396,14.0,2.76,Low,40,Asus,4,2,1,7,0.6206896551724138,8,256,1396,14.0,2.76,Low,True,False
41,HP,4,2,1,5,0.9310344827586208,4,256,1374,14.0,3.26,Low,41,HP,4,2,1,5,0.9310344827586208,4,256,1374,14.0,3.26,Low,True,False
42,HP,3,1,1,5,0.5517241379310345,6,256,786,15.6,4.21,Low,42,HP,3,1,1,5,0.5517241379310345,6,256,786,15.6,4.21,Low,True,False
43,Acer,3,3,1,5,0.5517241379310345,4,256,1023,17.0,6.62,Low,43,Acer,3,3,1,5,0.5517241379310345,4,256,1023,17.0,6.62,Low,False,True
44,Dell,3,1,1,5,0.5517241379310345,8,256,925,15.6,4.7,Low,44,Dell,3,1,1,5,0.5517241379310345,8,256,925,15.6,4.7,Low,True,False
45,Lenovo,1,3,1,7,0.9655172413793103,16,256,1371,15.0,5.51,Low,45,Lenovo,1,3,1,7,0.9655172413793103,16,256,1371,15.0,5.51,Low,False,True
46,Acer,3,3,1,5,0.5517241379310345,8,256,1085,17.0,6.62,Low,46,Acer,3,3,1,5,0.5517241379310345,8,256,1085,17.0,6.62,Low,False,True
47,Huawei,4,2,1,5,0.8620689655172414,8,256,1714,13.0,2.32,Medium,47,Huawei,4,2,1,5,0.8620689655172414,8,256,1714,13.0,2.32,Medium,False,True
48,HP,3,3,1,5,0.5517241379310345,8,256,1172,17.3,5.51,Low,48,HP,3,3,1,5,0.5517241379310345,8,256,1172,17.3,5.51,Low,True,False
49,Dell,4,2,1,5,0.5517241379310345,8,256,1777,13.3,4.11,Medium,49,Dell,4,2,1,5,0.5517241379310345,8,256,1777,13.3,4.11,Medium,True,False
50,Acer,4,2,1,5,0.41379310344827586,8,256,1256,13.0,2.47,Low,50,Acer,4,2,1,5,0.41379310344827586,8,256,1256,13.0,2.47,Low,False,True
51,HP,3,3,1,7,0.6206896551724138,8,256,1327,17.3,5.51,Low,51,HP,3,3,1,7,0.6206896551724138,8,256,1327,17.3,5.51,Low,True,False
52,Dell,4,2,1,7,0.6206896551724138,8,256,1841,13.3,2.65,Medium,52,Dell,4,2,1,7,0.6206896551724138,8,256,1841,13.3,2.65,Medium,True,False
53,Dell,4,1,1,7,0.6206896551724138,8,256,1184,13.0,3.09,Low,53,Dell,4,1,1,7,0.6206896551724138,8,256,1184,13.0,3.09,Low,False,True
54,HP,3,3,1,7,0.6206896551724138,8,256,1310,14.0,3.59,Low,54,HP,3,3,1,7,0.6206896551724138,8,256,1310,14.0,3.59,Low,True,False
55,Dell,4,2,1,5,0.5517241379310345,8,256,1460,14.0,3.53,Low,55,Dell,4,2,1,5,0.5517241379310345,8,256,1460,14.0,3.53,Low,True,False
56,Dell,3,1,2,5,0.5517241379310345,8,256,860,15.6,4.85,Low,56,Dell,3,1,2,5,0.5517241379310345,8,256,860,15.6,4.85,Low,True,False
57,Toshiba,4,2,1,7,0.8620689655172414,8,256,1731,13.3,2.65,Medium,57,Toshiba,4,2,1,7,0.8620689655172414,8,256,1731,13.3,2.65,Medium,True,False
58,Acer,3,3,1,7,0.9310344827586208,8,256,1057,15.6,4.85,Low,58,Acer,3,3,1,7,0.9310344827586208,8,256,1057,15.6,4.85,Low,True,False
59,Asus,3,3,1,5,0.8620689655172414,8,256,977,15.6,4.41,Low,59,Asus,3,3,1,5,0.8620689655172414,8,256,977,15.6,4.41,Low,True,False
60,Dell,3,2,1,5,0.8620689655172414,8,256,1091,14.0,3.53,Low,60,Dell,3,2,1,5,0.8620689655172414,8,256,1091,14.0,3.53,Low,True,False
61,Dell,3,1,2,7,0.9310344827586208,16,256,1142,15.6,4.11,Low,61,Dell,3,1,2,7,0.9310344827586208,16,256,1142,15.6,4.11,Low,True,False
62,Acer,1,3,1,5,0.8620689655172414,8,256,1075,15.0,5.51,Low,62,Acer,1,3,1,5,0.8620689655172414,8,256,1075,15.0,5.51,Low,False,True
63,Dell,1,3,1,5,0.8620689655172414,8,256,1117,15.6,5.64,Low,63,Dell,1,3,1,5,0.8620689655172414,8,256,1117,15.6,5.64,Low,True,False
64,Asus,1,3,1,7,1.0,16,256,3810,17.3,7.94,High,64,Asus,1,3,1,7,1.0,16,256,3810,17.3,7.94,High,True,False
65,Acer,3,3,1,3,0.9310344827586208,4,256,892,17.0,6.62,Low,65,Acer,3,3,1,3,0.9310344827586208,4,256,892,17.0,6.62,Low,False,True
66,Dell,4,2,1,5,0.5517241379310345,8,256,1206,13.3,3.11,Low,66,Dell,4,2,1,5,0.5517241379310345,8,256,1206,13.3,3.11,Low,True,False
67,Lenovo,3,2,1,7,0.6206896551724138,8,256,1118,15.6,4.52,Low,67,Lenovo,3,2,1,7,0.6206896551724138,8,256,1118,15.6,4.52,Low,True,False
68,Dell,3,1,2,7,0.6206896551724138,8,256,934,15.6,4.11,Low,68,Dell,3,1,2,7,0.6206896551724138,8,256,934,15.6,4.11,Low,True,False
69,Lenovo,1,3,1,5,0.8620689655172414,8,256,1053,15.0,5.51,Low,69,Lenovo,1,3,1,5,0.8620689655172414,8,256,1053,15.0,5.51,Low,False,True
70,Lenovo,3,2,1,5,0.8620689655172414,6,256,735,15.6,4.85,Low,70,Lenovo,3,2,1,5,0.8620689655172414,6,256,735,15.6,4.85,Low,True,False
71,Acer,3,3,1,7,0.6206896551724138,8,256,1208,15.0,6.62,Low,71,Acer,3,3,1,7,0.6206896551724138,8,256,1208,15.0,6.62,Low,False,True
72,Lenovo,3,2,1,7,0.9310344827586208,8,256,1394,15.0,4.3,Low,72,Lenovo,3,2,1,7,0.9310344827586208,8,256,1394,15.0,4.3,Low,False,True
73,Asus,4,3,1,5,0.8620689655172414,8,256,1241,15.6,3.75,Low,73,Asus,4,3,1,5,0.8620689655172414,8,256,1241,15.6,3.75,Low,True,False
74,Dell,3,3,1,7,0.9655172413793103,8,256,2323,15.6,4.41,Medium,74,Dell,3,3,1,7,0.9655172413793103,8,256,2323,15.6,4.41,Medium,True,False
75,Lenovo,3,2,1,5,0.5517241379310345,8,256,939,15.6,4.52,Low,75,Lenovo,3,2,1,5,0.5517241379310345,8,256,939,15.6,4.52,Low,True,False
76,Acer,3,3,2,7,0.9655172413793103,8,256,1244,15.6,5.51,Low,76,Acer,3,3,2,7,0.9655172413793103,8,256,1244,15.6,5.51,Low,True,False
77,Dell,5,3,1,7,1.0,16,256,3665,17.3,7.54,High,77,Dell,5,3,1,7,1.0,16,256,3665,17.3,7.54,High,True,False
78,Toshiba,3,3,1,7,0.8620689655172414,8,256,1325,15.0,4.85,Low,78,Toshiba,3,3,1,7,0.8620689655172414,8,256,1325,15.0,4.85,Low,False,True
79,Lenovo,3,2,1,5,0.8620689655172414,8,256,1269,13.0,2.43,Low,79,Lenovo,3,2,1,5,0.8620689655172414,8,256,1269,13.0,2.43,Low,False,True
80,HP,3,2,1,5,0.8620689655172414,8,256,1245,14.0,4.3,Low,80,HP,3,2,1,5,0.8620689655172414,8,256,1245,14.0,4.3,Low,True,False
81,HP,3,2,1,7,0.9310344827586208,8,256,1641,14.0,3.26,Medium,81,HP,3,2,1,7,0.9310344827586208,8,256,1641,14.0,3.26,Medium,True,False
82,Asus,3,2,1,7,0.9310344827586208,8,256,1390,14.0,4.41,Low,82,Asus,3,2,1,7,0.9310344827586208,8,256,1390,14.0,4.41,Low,True,False
83,Asus,4,3,1,7,0.9310344827586208,8,256,1334,15.6,3.75,Low,83,Asus,4,3,1,7,0.9310344827586208,8,256,1334,15.6,3.75,Low,True,False
84,HP,4,2,1,7,0.9310344827586208,8,256,1696,12.5,2.78,Medium,84,HP,4,2,1,7,0.9310344827586208,8,256,1696,12.5,2.78,Medium,True,False
85,Toshiba,3,2,1,5,0.8620689655172414,8,256,1198,15.0,4.41,Low,85,Toshiba,3,2,1,5,0.8620689655172414,8,256,1198,15.0,4.41,Low,False,True
86,Asus,1,3,1,7,0.9655172413793103,8,256,1269,15.6,5.51,Low,86,Asus,1,3,1,7,0.9655172413793103,8,256,1269,15.6,5.51,Low,True,False
87,HP,3,2,1,5,0.896551724137931,8,256,1611,14.0,3.26,Low,87,HP,3,2,1,5,0.896551724137931,8,256,1611,14.0,3.26,Low,True,False
88,HP,3,2,1,5,0.8620689655172414,8,256,1453,15.6,4.06,Low,88,HP,3,2,1,5,0.8620689655172414,8,256,1453,15.6,4.06,Low,True,False
89,Dell,3,3,1,5,0.5517241379310345,8,256,1452,15.6,4.41,Low,89,Dell,3,3,1,5,0.5517241379310345,8,256,1452,15.6,4.41,Low,True,False
90,Dell,4,2,1,7,0.6206896551724138,8,256,2006,13.3,2.65,Medium,90,Dell,4,2,1,7,0.6206896551724138,8,256,2006,13.3,2.65,Medium,True,False
91,HP,3,2,1,7,0.9310344827586208,8,256,1656,15.6,4.06,Medium,91,HP,3,2,1,7,0.9310344827586208,8,256,1656,15.6,4.06,Medium,True,False
92,HP,5,3,1,7,0.9655172413793103,8,256,2208,15.6,5.73,Medium,92,HP,5,3,1,7,0.9655172413793103,8,256,2208,15.6,5.73,Medium,True,False
93,Dell,3,2,1,5,0.896551724137931,8,256,1813,14.0,3.0,Medium,93,Dell,3,2,1,5,0.896551724137931,8,256,1813,14.0,3.0,Medium,True,False
94,Asus,3,2,1,5,0.8620689655172414,8,256,1200,14.0,4.41,Low,94,Asus,3,2,1,5,0.8620689655172414,8,256,1200,14.0,4.41,Low,True,False
95,Dell,3,1,1,7,0.9310344827586208,8,256,1142,15.6,5.14,Low,95,Dell,3,1,1,7,0.9310344827586208,8,256,1142,15.6,5.14,Low,True,False
96,HP,4,2,1,7,0.9310344827586208,8,256,2223,14.0,3.0,Medium,96,HP,4,2,1,7,0.9310344827586208,8,256,2223,14.0,3.0,Medium,False,True
97,Lenovo,3,3,1,5,0.8620689655172414,8,256,1396,14.0,3.31,Low,97,Lenovo,3,3,1,5,0.8620689655172414,8,256,1396,14.0,3.31,Low,False,True
98,Lenovo,3,2,1,3,0.8275862068965517,4,128,697,13.0,3.31,Low,98,Lenovo,3,2,1,3,0.8275862068965517,4,128,697,13.0,3.31,Low,False,True
99,Dell,5,3,1,7,0.9310344827586208,8,256,2712,15.0,4.41,Medium,99,Dell,5,3,1,7,0.9310344827586208,8,256,2712,15.0,4.41,Medium,False,True
100,MSI,1,3,1,7,0.9655172413793103,8,256,1714,17.3,5.95,Medium,100,MSI,1,3,1,7,0.9655172413793103,8,256,1714,17.3,5.95,Medium,True,False
101,Dell,3,1,2,7,0.9310344827586208,8,256,989,15.6,5.14,Low,101,Dell,3,1,2,7,0.9310344827586208,8,256,989,15.6,5.14,Low,True,False
102,Lenovo,3,1,1,7,0.6206896551724138,8,256,1562,15.0,4.63,Low,102,Lenovo,3,1,1,7,0.6206896551724138,8,256,1562,15.0,4.63,Low,False,True
103,Lenovo,3,2,1,5,0.8620689655172414,8,256,1192,14.0,4.19,Low,103,Lenovo,3,2,1,5,0.8620689655172414,8,256,1192,14.0,4.19,Low,False,True
104,Acer,3,3,2,7,0.9655172413793103,8,256,1117,15.6,5.51,Low,104,Acer,3,3,2,7,0.9655172413793103,8,256,1117,15.6,5.51,Low,True,False
105,Dell,3,1,2,5,0.8620689655172414,4,256,761,15.6,5.07,Low,105,Dell,3,1,2,5,0.8620689655172414,4,256,761,15.6,5.07,Low,True,False
106,HP,4,2,1,7,0.8620689655172414,8,256,1905,14.0,3.15,Medium,106,HP,4,2,1,7,0.8620689655172414,8,256,1905,14.0,3.15,Medium,True,False
107,Lenovo,4,1,1,7,0.6206896551724138,8,256,1544,14.0,3.86,Low,107,Lenovo,4,1,1,7,0.6206896551724138,8,256,1544,14.0,3.86,Low,False,True
108,HP,3,2,1,7,1.0,8,256,1813,15.6,5.09,Medium,108,HP,3,2,1,7,1.0,8,256,1813,15.6,5.09,Medium,True,False
109,Dell,4,2,2,7,0.9655172413793103,8,256,1396,14.0,3.53,Low,109,Dell,4,2,2,7,0.9655172413793103,8,256,1396,14.0,3.53,Low,True,False
110,Lenovo,3,2,1,7,0.9310344827586208,8,256,1283,13.0,3.09,Low,110,Lenovo,3,2,1,7,0.9310344827586208,8,256,1283,13.0,3.09,Low,False,True
111,Lenovo,3,2,1,3,0.9310344827586208,4,128,761,14.0,3.75,Low,111,Lenovo,3,2,1,3,0.9310344827586208,4,128,761,14.0,3.75,Low,False,True
112,Asus,3,2,2,5,0.8620689655172414,4,256,710,15.6,4.41,Low,112,Asus,3,2,2,5,0.8620689655172414,4,256,710,15.6,4.41,Low,True,False
113,Dell,3,1,1,5,0.5517241379310345,4,256,951,15.6,4.85,Low,113,Dell,3,1,1,5,0.5517241379310345,4,256,951,15.6,4.85,Low,True,False
114,Lenovo,4,2,1,5,0.8620689655172414,8,256,1815,12.0,3.0,Medium,114,Lenovo,4,2,1,5,0.8620689655172414,8,256,1815,12.0,3.0,Medium,False,True
115,Dell,3,3,1,5,0.9655172413793103,8,256,1498,14.0,3.62,Low,115,Dell,3,3,1,5,0.9655172413793103,8,256,1498,14.0,3.62,Low,True,False
116,MSI,1,3,1,5,0.8620689655172414,8,256,1306,15.6,4.85,Low,116,MSI,1,3,1,5,0.8620689655172414,8,256,1306,15.6,4.85,Low,True,False
117,Dell,5,3,1,7,0.9310344827586208,16,256,2509,15.0,4.78,Medium,117,Dell,5,3,1,7,0.9310344827586208,16,256,2509,15.0,4.78,Medium,False,True
118,Lenovo,3,2,1,5,0.8620689655172414,8,256,1709,14.0,3.64,Medium,118,Lenovo,3,2,1,5,0.8620689655172414,8,256,1709,14.0,3.64,Medium,True,False
119,Lenovo,3,3,1,7,1.0,8,256,2655,15.6,5.89,Medium,119,Lenovo,3,3,1,7,1.0,8,256,2655,15.6,5.89,Medium,True,False
120,Dell,4,2,1,5,0.5517241379310345,8,256,2340,15.6,3.13,Medium,120,Dell,4,2,1,5,0.5517241379310345,8,256,2340,15.6,3.13,Medium,True,False
121,Dell,5,3,1,7,0.9655172413793103,8,256,3059,15.6,3.92,High,121,Dell,5,3,1,7,0.9655172413793103,8,256,3059,15.6,3.92,High,True,False
122,Toshiba,3,2,1,5,0.8620689655172414,8,256,2124,13.0,2.32,Medium,122,Toshiba,3,2,1,5,0.8620689655172414,8,256,2124,13.0,2.32,Medium,False,True
123,HP,3,2,1,5,0.5517241379310345,4,128,922,13.0,3.29,Low,123,HP,3,2,1,5,0.5517241379310345,4,128,922,13.0,3.29,Low,False,True
124,Lenovo,3,2,1,5,0.5517241379310345,8,256,1333,14.0,3.86,Low,124,Lenovo,3,2,1,5,0.5517241379310345,8,256,1333,14.0,3.86,Low,False,True
125,Lenovo,3,3,1,5,0.8620689655172414,8,256,1286,15.0,5.07,Low,125,Lenovo,3,3,1,5,0.8620689655172414,8,256,1286,15.0,5.07,Low,False,True
126,Lenovo,3,2,1,7,0.6206896551724138,8,256,1142,15.6,4.78,Low,126,Lenovo,3,2,1,7,0.6206896551724138,8,256,1142,15.6,4.78,Low,True,False
127,Lenovo,3,2,1,3,0.8275862068965517,8,256,1206,13.0,3.09,Low,127,Lenovo,3,2,1,3,0.8275862068965517,8,256,1206,13.0,3.09,Low,False,True
128,Lenovo,3,2,1,5,0.8620689655172414,8,256,1157,15.0,5.07,Low,128,Lenovo,3,2,1,5,0.8620689655172414,8,256,1157,15.0,5.07,Low,False,True
129,Lenovo,3,2,1,5,0.8620689655172414,8,256,1206,13.3,3.18,Low,129,Lenovo,3,2,1,5,0.8620689655172414,8,256,1206,13.3,3.18,Low,True,False
130,Dell,4,2,1,5,0.8620689655172414,8,128,1142,13.3,2.84,Low,130,Dell,4,2,1,5,0.8620689655172414,8,128,1142,13.3,2.84,Low,False,True
131,HP,3,3,1,5,0.8620689655172414,8,256,1129,15.6,4.5,Low,131,HP,3,3,1,5,0.8620689655172414,8,256,1129,15.6,4.5,Low,True,False
132,HP,4,2,1,7,0.9310344827586208,8,256,1777,13.0,2.91,Medium,132,HP,4,2,1,7,0.9310344827586208,8,256,1777,13.0,2.91,Medium,False,True
133,Dell,3,2,1,5,0.896551724137931,8,256,1626,14.0,3.62,Medium,133,Dell,3,2,1,5,0.896551724137931,8,256,1626,14.0,3.62,Medium,True,False
134,Lenovo,3,2,1,5,0.793103448275862,8,256,1702,14.0,4.45,Medium,134,Lenovo,3,2,1,5,0.793103448275862,8,256,1702,14.0,4.45,Medium,True,False
135,Dell,3,2,1,5,0.9655172413793103,8,256,1749,15.6,4.19,Medium,135,Dell,3,2,1,5,0.9655172413793103,8,256,1749,15.6,4.19,Medium,True,False
136,Dell,3,3,1,7,0.9655172413793103,8,256,1739,15.6,4.26,Medium,136,Dell,3,3,1,7,0.9655172413793103,8,256,1739,15.6,4.26,Medium,True,False
137,Dell,3,1,1,5,0.5517241379310345,8,256,1013,15.6,4.85,Low,137,Dell,3,1,1,5,0.5517241379310345,8,256,1013,15.6,4.85,Low,True,False
138,Lenovo,3,3,1,7,0.9310344827586208,8,256,1091,14.0,4.12,Low,138,Lenovo,3,3,1,7,0.9310344827586208,8,256,1091,14.0,4.12,Low,False,True
139,Dell,3,2,1,3,0.6896551724137931,4,128,935,14.0,3.53,Low,139,Dell,3,2,1,3,0.6896551724137931,4,128,935,14.0,3.53,Low,True,False
140,HP,3,2,1,3,0.8275862068965517,4,128,896,15.6,4.63,Low,140,HP,3,2,1,3,0.8275862068965517,4,128,896,15.6,4.63,Low,True,False
141,Lenovo,3,2,1,3,0.6896551724137931,4,128,634,15.6,4.85,Low,141,Lenovo,3,2,1,3,0.6896551724137931,4,128,634,15.6,4.85,Low,True,False
142,Dell,3,2,1,5,0.8620689655172414,8,256,1419,15.6,4.19,Low,142,Dell,3,2,1,5,0.8620689655172414,8,256,1419,15.6,4.19,Low,True,False
143,Lenovo,3,2,1,3,0.9310344827586208,4,128,800,15.6,4.52,Low,143,Lenovo,3,2,1,3,0.9310344827586208,4,128,800,15.6,4.52,Low,True,False
144,Lenovo,3,3,1,7,0.9655172413793103,8,256,3810,17.0,7.5,High,144,Lenovo,3,3,1,7,0.9655172413793103,8,256,3810,17.0,7.5,High,False,True
145,Lenovo,3,2,1,5,0.8620689655172414,8,256,1054,15.6,5.07,Low,145,Lenovo,3,2,1,5,0.8620689655172414,8,256,1054,15.6,5.07,Low,True,False
146,Dell,3,1,2,7,0.9310344827586208,8,256,951,15.6,4.85,Low,146,Dell,3,1,2,7,0.9310344827586208,8,256,951,15.6,4.85,Low,True,False
147,HP,3,2,1,3,0.8275862068965517,4,128,913,13.3,3.29,Low,147,HP,3,2,1,3,0.8275862068965517,4,128,913,13.3,3.29,Low,True,False
148,Dell,3,3,1,7,0.9655172413793103,16,256,1953,15.6,4.26,Medium,148,Dell,3,3,1,7,0.9655172413793103,16,256,1953,15.6,4.26,Medium,True,False
149,Lenovo,4,2,1,7,0.896551724137931,12,256,2125,14.0,3.09,Medium,149,Lenovo,4,2,1,7,0.896551724137931,12,256,2125,14.0,3.09,Medium,False,True
150,Lenovo,3,2,1,5,0.8620689655172414,8,256,1872,14.0,3.75,Medium,150,Lenovo,3,2,1,5,0.8620689655172414,8,256,1872,14.0,3.75,Medium,False,True
151,Dell,5,3,1,7,0.9655172413793103,8,256,2240,15.6,4.54,Medium,151,Dell,5,3,1,7,0.9655172413793103,8,256,2240,15.6,4.54,Medium,True,False
152,HP,3,2,1,7,0.9310344827586208,8,256,1548,15.6,4.06,Low,152,HP,3,2,1,7,0.9310344827586208,8,256,1548,15.6,4.06,Low,True,False
153,Toshiba,3,2,1,7,0.8620689655172414,8,256,1777,15.0,4.85,Medium,153,Toshiba,3,2,1,7,0.8620689655172414,8,256,1777,15.0,4.85,Medium,False,True
154,Dell,3,1,2,5,0.8620689655172414,4,128,723,15.6,4.81,Low,154,Dell,3,1,2,5,0.8620689655172414,4,128,723,15.6,4.81,Low,True,False
155,Lenovo,3,2,1,5,0.793103448275862,8,256,1861,14.0,3.64,Medium,155,Lenovo,3,2,1,5,0.793103448275862,8,256,1861,14.0,3.64,Medium,True,False
156,Dell,3,3,1,7,0.9655172413793103,8,256,2312,15.6,4.41,Medium,156,Dell,3,3,1,7,0.9655172413793103,8,256,2312,15.6,4.41,Medium,True,False
157,Lenovo,3,2,1,5,0.5517241379310345,4,256,1053,15.6,3.97,Low,157,Lenovo,3,2,1,5,0.5517241379310345,4,256,1053,15.6,3.97,Low,True,False
158,Acer,4,2,1,5,0.8620689655172414,8,256,1167,14.0,3.97,Low,158,Acer,4,2,1,5,0.8620689655172414,8,256,1167,14.0,3.97,Low,False,True
159,Razer,1,3,1,7,0.9655172413793103,16,256,3301,14.0,4.3,High,159,Razer,1,3,1,7,0.9655172413793103,16,256,3301,14.0,4.3,High,True,False
160,Toshiba,3,2,1,5,0.793103448275862,8,256,1541,13.3,2.65,Low,160,Toshiba,3,2,1,5,0.793103448275862,8,256,1541,13.3,2.65,Low,True,False
161,Lenovo,4,2,1,7,0.9310344827586208,8,256,2012,12.0,3.0,Medium,161,Lenovo,4,2,1,7,0.9310344827586208,8,256,2012,12.0,3.0,Medium,False,True
162,Dell,4,2,1,5,0.5517241379310345,8,256,1842,13.3,2.65,Medium,162,Dell,4,2,1,5,0.5517241379310345,8,256,1842,13.3,2.65,Medium,True,False
163,Dell,3,1,1,7,0.6206896551724138,8,256,1167,15.6,4.85,Low,163,Dell,3,1,1,7,0.6206896551724138,8,256,1167,15.6,4.85,Low,True,False
164,Dell,3,2,1,5,0.8275862068965517,8,256,1561,14.0,3.44,Low,164,Dell,3,2,1,5,0.8275862068965517,8,256,1561,14.0,3.44,Low,True,False
165,Toshiba,3,2,1,5,0.8620689655172414,8,256,1598,15.0,4.41,Low,165,Toshiba,3,2,1,5,0.8620689655172414,8,256,1598,15.0,4.41,Low,False,True
166,Asus,4,2,1,5,0.8620689655172414,8,256,1442,14.0,2.43,Low,166,Asus,4,2,1,5,0.8620689655172414,8,256,1442,14.0,2.43,Low,True,False
167,Acer,1,3,1,5,0.8620689655172414,16,256,1650,15.6,5.51,Medium,167,Acer,1,3,1,5,0.8620689655172414,16,256,1650,15.6,5.51,Medium,True,False
168,MSI,1,3,1,5,0.8620689655172414,8,256,1268,15.6,4.85,Low,168,MSI,1,3,1,5,0.8620689655172414,8,256,1268,15.6,4.85,Low,True,False
169,HP,3,1,1,3,0.6896551724137931,4,256,888,17.0,5.51,Low,169,HP,3,1,1,3,0.6896551724137931,4,256,888,17.0,5.51,Low,False,True
170,Lenovo,3,2,1,5,0.8620689655172414,4,256,888,14.0,3.75,Low,170,Lenovo,3,2,1,5,0.8620689655172414,4,256,888,14.0,3.75,Low,True,False
171,Toshiba,3,2,1,5,0.8620689655172414,8,256,1236,13.0,3.31,Low,171,Toshiba,3,2,1,5,0.8620689655172414,8,256,1236,13.0,3.31,Low,False,True
172,Dell,3,2,1,5,0.8620689655172414,8,256,1010,15.6,4.81,Low,172,Dell,3,2,1,5,0.8620689655172414,8,256,1010,15.6,4.81,Low,True,False
173,Lenovo,3,2,1,5,0.793103448275862,8,256,1513,14.0,3.97,Low,173,Lenovo,3,2,1,5,0.793103448275862,8,256,1513,14.0,3.97,Low,True,False
174,Dell,3,3,2,5,0.9655172413793103,8,256,1383,14.0,3.62,Low,174,Dell,3,3,2,5,0.9655172413793103,8,256,1383,14.0,3.62,Low,True,False
175,Lenovo,3,3,1,5,0.8620689655172414,8,256,1089,14.0,4.12,Low,175,Lenovo,3,3,1,5,0.8620689655172414,8,256,1089,14.0,4.12,Low,False,True
176,Dell,3,2,1,5,0.896551724137931,8,256,1498,15.6,4.19,Low,176,Dell,3,2,1,5,0.896551724137931,8,256,1498,15.6,4.19,Low,True,False
177,HP,3,3,1,7,0.9310344827586208,8,256,1524,17.3,5.8,Low,177,HP,3,3,1,7,0.9310344827586208,8,256,1524,17.3,5.8,Low,True,False
178,Lenovo,4,2,1,5,0.8620689655172414,8,256,1904,14.0,2.91,Medium,178,Lenovo,4,2,1,5,0.8620689655172414,8,256,1904,14.0,2.91,Medium,False,True
179,Lenovo,3,2,1,5,0.8620689655172414,8,256,1219,13.0,3.18,Low,179,Lenovo,3,2,1,5,0.8620689655172414,8,256,1219,13.0,3.18,Low,False,True
180,HP,5,3,1,7,0.9655172413793103,16,256,3073,15.6,5.73,High,180,HP,5,3,1,7,0.9655172413793103,16,256,3073,15.6,5.73,High,True,False
181,Toshiba,3,2,1,5,0.8620689655172414,8,256,1950,14.0,2.76,Medium,181,Toshiba,3,2,1,5,0.8620689655172414,8,256,1950,14.0,2.76,Medium,False,True
182,Samsung,4,2,1,7,0.9310344827586208,16,256,2095,13.3,1.79,Medium,182,Samsung,4,2,1,7,0.9310344827586208,16,256,2095,13.3,1.79,Medium,True,False
183,HP,3,2,1,3,0.6896551724137931,8,256,685,15.6,4.1,Low,183,HP,3,2,1,3,0.6896551724137931,8,256,685,15.6,4.1,Low,True,False
184,HP,3,2,1,5,0.8275862068965517,8,256,2414,15.6,4.06,Medium,184,HP,3,2,1,5,0.8275862068965517,8,256,2414,15.6,4.06,Medium,True,False
185,HP,5,3,1,7,0.896551724137931,8,256,1983,15.6,5.71,Medium,185,HP,5,3,1,7,0.896551724137931,8,256,1983,15.6,5.71,Medium,True,False
186,Dell,4,2,1,7,0.9655172413793103,16,256,2361,12.5,2.6,Medium,186,Dell,4,2,1,7,0.9655172413793103,16,256,2361,12.5,2.6,Medium,True,False
187,Samsung,4,2,1,7,0.9310344827586208,8,256,2031,15.6,2.89,Medium,187,Samsung,4,2,1,7,0.9310344827586208,8,256,2031,15.6,2.89,Medium,True,False
188,Dell,3,1,1,7,0.9310344827586208,16,256,1501,15.6,5.07,Low,188,Dell,3,1,1,7,0.9310344827586208,16,256,1501,15.6,5.07,Low,True,False
189,Acer,3,2,1,3,0.8275862068965517,4,128,808,14.0,3.97,Low,189,Acer,3,2,1,3,0.8275862068965517,4,128,808,14.0,3.97,Low,False,True
190,Dell,1,3,1,5,0.8620689655172414,8,256,1251,15.6,5.78,Low,190,Dell,1,3,1,5,0.8620689655172414,8,256,1251,15.6,5.78,Low,True,False
191,Dell,3,1,1,3,0.6896551724137931,8,256,939,15.6,4.41,Low,191,Dell,3,1,1,3,0.6896551724137931,8,256,939,15.6,4.41,Low,True,False
192,HP,5,3,1,7,0.9655172413793103,8,256,2623,15.6,6.92,Medium,192,HP,5,3,1,7,0.9655172413793103,8,256,2623,15.6,6.92,Medium,True,False
193,Asus,3,2,1,5,0.8620689655172414,8,256,1396,15.6,5.23,Low,193,Asus,3,2,1,5,0.8620689655172414,8,256,1396,15.6,5.23,Low,True,False
194,Dell,4,2,1,5,0.8620689655172414,8,256,1904,13.3,2.84,Medium,194,Dell,4,2,1,5,0.8620689655172414,8,256,1904,13.3,2.84,Medium,True,False
195,Samsung,4,2,1,5,0.8620689655172414,8,256,1904,13.3,1.79,Medium,195,Samsung,4,2,1,5,0.8620689655172414,8,256,1904,13.3,1.79,Medium,True,False
196,Dell,3,1,1,5,0.8620689655172414,8,256,1003,15.6,4.81,Low,196,Dell,3,1,1,5,0.8620689655172414,8,256,1003,15.6,4.81,Low,True,False
197,Lenovo,4,2,1,7,0.9310344827586208,8,256,2361,14.0,2.91,Medium,197,Lenovo,4,2,1,7,0.9310344827586208,8,256,2361,14.0,2.91,Medium,True,False
198,MSI,1,3,1,5,0.8620689655172414,8,256,1523,15.6,5.29,Low,198,MSI,1,3,1,5,0.8620689655172414,8,256,1523,15.6,5.29,Low,True,False
199,Acer,3,2,1,3,0.8275862068965517,8,128,786,14.0,3.31,Low,199,Acer,3,2,1,3,0.8275862068965517,8,128,786,14.0,3.31,Low,False,True
200,Lenovo,3,2,1,5,0.793103448275862,8,256,1507,14.0,3.75,Low,200,Lenovo,3,2,1,5,0.793103448275862,8,256,1507,14.0,3.75,Low,True,False
201,Lenovo,3,2,1,5,0.896551724137931,8,256,2096,14.0,2.91,Medium,201,Lenovo,3,2,1,5,0.896551724137931,8,256,2096,14.0,2.91,Medium,False,True
202,Dell,3,1,1,7,0.9310344827586208,4,256,939,15.6,4.81,Low,202,Dell,3,1,1,7,0.9310344827586208,4,256,939,15.6,4.81,Low,True,False
203,Lenovo,4,3,1,7,0.9655172413793103,8,256,2417,14.0,4.32,Medium,203,Lenovo,4,3,1,7,0.9655172413793103,8,256,2417,14.0,4.32,Medium,False,True
204,Asus,3,3,1,7,0.9310344827586208,8,256,1000,15.0,5.07,Low,204,Asus,3,3,1,7,0.9310344827586208,8,256,1000,15.0,5.07,Low,False,True
205,Dell,3,2,1,5,0.8620689655172414,8,128,1200,15.6,4.19,Low,205,Dell,3,2,1,5,0.8620689655172414,8,128,1200,15.6,4.19,Low,True,False
206,HP,3,1,1,5,0.896551724137931,8,256,1714,15.6,4.06,Medium,206,HP,3,1,1,5,0.896551724137931,8,256,1714,15.6,4.06,Medium,True,False
207,Toshiba,3,2,1,5,0.8620689655172414,4,128,1632,13.3,2.32,Medium,207,Toshiba,3,2,1,5,0.8620689655172414,4,128,1632,13.3,2.32,Medium,True,False
208,Acer,3,2,1,5,0.8620689655172414,8,256,1146,14.0,3.44,Low,208,Acer,3,2,1,5,0.8620689655172414,8,256,1146,14.0,3.44,Low,False,True
209,Toshiba,3,2,1,7,0.9310344827586208,8,256,1763,15.0,4.41,Medium,209,Toshiba,3,2,1,7,0.9310344827586208,8,256,1763,15.0,4.41,Medium,False,True
210,Samsung,4,3,1,7,0.9310344827586208,16,256,2349,15.0,2.71,Medium,210,Samsung,4,3,1,7,0.9310344827586208,16,256,2349,15.0,2.71,Medium,True,False
211,Dell,4,2,1,7,0.9655172413793103,8,256,2147,12.5,3.53,Medium,211,Dell,4,2,1,7,0.9655172413793103,8,256,2147,12.5,3.53,Medium,True,False
212,Xiaomi,4,3,1,5,0.793103448275862,8,256,1188,13.0,2.82,Low,212,Xiaomi,4,3,1,5,0.793103448275862,8,256,1188,13.0,2.82,Low,False,True
213,HP,3,2,1,5,0.8620689655172414,4,256,1066,15.6,4.5,Low,213,HP,3,2,1,5,0.8620689655172414,4,256,1066,15.6,4.5,Low,True,False
214,HP,3,2,1,5,0.8620689655172414,4,128,1607,14.0,4.3,Low,214,HP,3,2,1,5,0.8620689655172414,4,128,1607,14.0,4.3,Low,True,False
215,Samsung,4,2,1,7,0.9310344827586208,8,256,2158,15.0,2.58,Medium,215,Samsung,4,2,1,7,0.9310344827586208,8,256,2158,15.0,2.58,Medium,True,False
216,Lenovo,4,2,1,5,0.8620689655172414,8,256,2285,14.0,2.91,Medium,216,Lenovo,4,2,1,5,0.8620689655172414,8,256,2285,14.0,2.91,Medium,False,True
217,Toshiba,3,2,1,5,0.8620689655172414,8,256,1874,13.3,2.32,Medium,217,Toshiba,3,2,1,5,0.8620689655172414,8,256,1874,13.3,2.32,Medium,True,False
218,Dell,3,2,1,5,0.9655172413793103,8,256,1531,14.0,3.53,Low,218,Dell,3,2,1,5,0.9655172413793103,8,256,1531,14.0,3.53,Low,True,False
219,Lenovo,3,3,1,7,0.9310344827586208,6,256,1002,15.6,4.85,Low,219,Lenovo,3,3,1,7,0.9310344827586208,6,256,1002,15.6,4.85,Low,True,False
220,HP,3,3,1,7,0.9310344827586208,8,256,1294,15.6,4.5,Low,220,HP,3,3,1,7,0.9310344827586208,8,256,1294,15.6,4.5,Low,True,False
221,Lenovo,3,2,1,5,0.8620689655172414,4,128,1119,13.3,3.18,Low,221,Lenovo,3,2,1,5,0.8620689655172414,4,128,1119,13.3,3.18,Low,True,False
222,HP,3,2,1,5,0.8620689655172414,8,256,1219,13.3,3.29,Low,222,HP,3,2,1,5,0.8620689655172414,8,256,1219,13.3,3.29,Low,True,False
223,HP,4,1,1,7,0.8620689655172414,8,256,1648,15.6,4.06,Medium,223,HP,4,1,1,7,0.8620689655172414,8,256,1648,15.6,4.06,Medium,True,False
224,Toshiba,3,3,1,7,0.896551724137931,16,256,2509,15.0,5.29,Medium,224,Toshiba,3,3,1,7,0.896551724137931,16,256,2509,15.0,5.29,Medium,False,True
225,Lenovo,4,2,1,7,0.9310344827586208,8,256,2096,12.0,3.0,Medium,225,Lenovo,4,2,1,7,0.9310344827586208,8,256,2096,12.0,3.0,Medium,False,True
226,HP,3,2,1,5,0.793103448275862,8,256,1480,15.6,5.09,Low,226,HP,3,2,1,5,0.793103448275862,8,256,1480,15.6,5.09,Low,True,False
227,Toshiba,3,2,1,5,0.793103448275862,4,128,1404,14.0,3.24,Low,227,Toshiba,3,2,1,5,0.793103448275862,4,128,1404,14.0,3.24,Low,False,True
228,HP,2,2,1,5,0.793103448275862,8,256,2120,12.5,2.78,Medium,228,HP,2,2,1,5,0.793103448275862,8,256,2120,12.5,2.78,Medium,True,False
229,Dell,4,2,1,5,0.8620689655172414,8,256,2082,14.0,3.0,Medium,229,Dell,4,2,1,5,0.8620689655172414,8,256,2082,14.0,3.0,Medium,True,False
230,Dell,4,2,1,5,0.8620689655172414,8,256,1870,15.6,3.0,Medium,230,Dell,4,2,1,5,0.8620689655172414,8,256,1870,15.6,3.0,Medium,True,False
231,Dell,4,2,1,7,0.9655172413793103,8,256,2255,14.0,3.0,Medium,231,Dell,4,2,1,7,0.9655172413793103,8,256,2255,14.0,3.0,Medium,True,False
232,Toshiba,3,2,1,5,0.793103448275862,8,256,1855,13.3,2.65,Medium,232,Toshiba,3,2,1,5,0.793103448275862,8,256,1855,13.3,2.65,Medium,True,False
233,Lenovo,4,2,1,7,0.896551724137931,8,256,1891,14.0,3.75,Medium,233,Lenovo,4,2,1,7,0.896551724137931,8,256,1891,14.0,3.75,Medium,False,True
234,Toshiba,3,2,1,5,0.8275862068965517,8,256,1950,13.3,2.65,Medium,234,Toshiba,3,2,1,5,0.8275862068965517,8,256,1950,13.3,2.65,Medium,True,False
235,Lenovo,4,2,1,5,0.896551724137931,8,256,2236,12.0,3.0,Medium,235,Lenovo,4,2,1,5,0.896551724137931,8,256,2236,12.0,3.0,Medium,False,True
236,Lenovo,3,3,1,5,0.8620689655172414,6,256,883,15.6,5.29,Low,236,Lenovo,3,3,1,5,0.8620689655172414,6,256,883,15.6,5.29,Low,True,False
237,Toshiba,3,2,1,5,0.793103448275862,8,256,1499,14.0,4.3,Low,237,Toshiba,3,2,1,5,0.793103448275862,8,256,1499,14.0,4.3,Low,True,False
